{
  "camera_id": 1,
  "homography": [
    [
      1.5453176416084355,
      1.408772734669271,
      -996.2745109857627
    ],
    [
      0.9598345814961528,
      -2.83442001086344,
      499.4863572096054
    ],
    [
      -0.0003344395132770803,
      0.005723301156769703,
      1.0
    ]
  ],
  "num_points": 17,
  "num_inliers": 15,
  "reprojection_error_mm": 1.8573981905196297,
  "timestamp": "2026-03-15T13:49:22.108120"
}