{
  "camera_id": 2,
  "homography": [
    [
      -0.025786091242512944,
      -1.3328612187577558,
      244.9103217092305
    ],
    [
      -0.8939702327479587,
      -0.040124766544634774,
      371.203137963115
    ],
    [
      2.2916186480401767e-05,
      0.002071812003275515,
      1.0
    ]
  ],
  "num_points": 17,
  "num_inliers": 15,
  "reprojection_error_mm": 2.2819434624916686,
  "timestamp": "2026-03-15T13:52:46.397871"
}