{
  "camera_id": 0,
  "homography": [
    [
      -0.6627685191111905,
      0.6425245352791953,
      140.02327450526136
    ],
    [
      0.47501871385423394,
      0.9244550722066056,
      -363.7951588273701
    ],
    [
      5.414573866213972e-05,
      0.0016466120219976001,
      1.0
    ]
  ],
  "num_points": 17,
  "num_inliers": 17,
  "reprojection_error_mm": 1.873223348174836,
  "timestamp": "2026-03-30T12:17:16.553023"
}