{
  "camera_id": 2,
  "homography": [
    [
      -0.02811905858853317,
      -1.3387927247403866,
      250.4627388436172
    ],
    [
      -0.9038867514201974,
      -0.04122119081155313,
      375.62730771754315
    ],
    [
      7.091511697367332e-05,
      0.0020459058209757815,
      1.0
    ]
  ],
  "num_points": 17,
  "num_inliers": 15,
  "reprojection_error_mm": 1.9446375686114492,
  "timestamp": "2026-03-30T12:36:15.674416"
}