{
  "camera_id": 1,
  "homography": [
    [
      1.6621560574808671,
      1.4566350710873084,
      -1078.7371411105926
    ],
    [
      1.0225775491449403,
      -3.039416372786057,
      525.4454811245113
    ],
    [
      -0.00043329675977308907,
      0.006476955949978103,
      1.0
    ]
  ],
  "num_points": 17,
  "num_inliers": 17,
  "reprojection_error_mm": 1.4979313736060251,
  "timestamp": "2026-03-30T12:19:53.189586"
}