{
  "camera_id": 0,
  "homography": [
    [
      -0.6644135831405451,
      0.644263442306841,
      141.3097643805098
    ],
    [
      0.47619451593758316,
      0.918417751254083,
      -363.0551713494196
    ],
    [
      0.00011209625875291825,
      0.0015264063852524702,
      1.0
    ]
  ],
  "num_points": 17,
  "num_inliers": 15,
  "reprojection_error_mm": 1.8579040728039975,
  "timestamp": "2026-03-15T13:44:12.450348"
}