{
  "camera_id": 0,
  "camera_matrix": [
    [
      601.9555159140481,
      0.0,
      418.56163491534323
    ],
    [
      0.0,
      600.2337000887009,
      297.63271271731344
    ],
    [
      0.0,
      0.0,
      1.0
    ]
  ],
  "distortion_coeffs": [
    0.16258335857663442,
    -0.395329979237808,
    -0.0028359182451612127,
    0.014826225486405054,
    0.1990067815252705
  ],
  "reprojection_error": 1.3648144002380114,
  "image_size": [
    800,
    600
  ],
  "chessboard_size": [
    9,
    6
  ],
  "square_size_mm": 25.0,
  "calibration_date": "2026-02-22T20:35:45.261180"
}