{
  "camera_id": 0,
  "camera_matrix": [
    [
      618.6901887611222,
      0.0,
      388.1488969143845
    ],
    [
      0.0,
      621.2098680859157,
      297.80420995652423
    ],
    [
      0.0,
      0.0,
      1.0
    ]
  ],
  "distortion_coeffs": [
    0.07954922255501323,
    -0.007988115558289556,
    -0.002892699378134654,
    -0.0025887714624248234,
    -0.23380025384213662
  ],
  "reprojection_error": 0.571066299547596,
  "image_size": [
    800,
    600
  ],
  "num_images": 10,
  "calibration_date": "2026-03-15T17:44:36.337245"
}