{
  "camera_id": 2,
  "camera_matrix": [
    [
      605.0699973269622,
      0.0,
      421.79567133641075
    ],
    [
      0.0,
      603.7127011505721,
      288.66933074462827
    ],
    [
      0.0,
      0.0,
      1.0
    ]
  ],
  "distortion_coeffs": [
    0.07504781175083543,
    0.20022427154645428,
    -0.009800787427489837,
    -6.174204715548146e-05,
    -0.6883654695078508
  ],
  "reprojection_error": 0.7785332869315471,
  "image_size": [
    800,
    600
  ],
  "num_images": 10,
  "calibration_date": "2026-03-15T17:47:38.722780"
}