{
  "camera_id": 2,
  "camera_matrix": [
    [
      594.4731234052201,
      0.0,
      418.3401900880865
    ],
    [
      0.0,
      597.3638119150273,
      317.89186592265037
    ],
    [
      0.0,
      0.0,
      1.0
    ]
  ],
  "distortion_coeffs": [
    0.08245963510860511,
    -0.056163937304875754,
    0.011868910893692361,
    0.00021859366189923716,
    -0.12752075314445355
  ],
  "reprojection_error": 1.7202715481112678,
  "image_size": [
    800,
    600
  ],
  "chessboard_size": [
    9,
    6
  ],
  "square_size_mm": 25.0,
  "calibration_date": "2026-02-22T20:42:18.022543"
}