{
  "camera_id": 1,
  "camera_matrix": [
    [
      597.1403669549785,
      0.0,
      366.58296287224084
    ],
    [
      0.0,
      602.2769614673108,
      331.51501852520965
    ],
    [
      0.0,
      0.0,
      1.0
    ]
  ],
  "distortion_coeffs": [
    -0.012508889282987079,
    0.405710510800427,
    0.01656175348046667,
    -0.0033282464900916218,
    -0.741765588905656
  ],
  "reprojection_error": 1.4769661064706618,
  "image_size": [
    800,
    600
  ],
  "chessboard_size": [
    9,
    6
  ],
  "square_size_mm": 25.0,
  "calibration_date": "2026-02-22T20:37:45.767812"
}