{
  "camera_id": 1,
  "camera_matrix": [
    [
      618.0286347380679,
      0.0,
      395.78480156754637
    ],
    [
      0.0,
      624.4074549574581,
      295.9018723385171
    ],
    [
      0.0,
      0.0,
      1.0
    ]
  ],
  "distortion_coeffs": [
    0.14345918950226436,
    -0.31098420696302115,
    -0.015349374069654097,
    0.016741345262191513,
    0.8521102567028912
  ],
  "reprojection_error": 0.7115806626308014,
  "image_size": [
    800,
    600
  ],
  "num_images": 10,
  "calibration_date": "2026-03-15T17:45:31.191725"
}